{
  "vertices": [
    {
      "name": "2",
      "position": {
        "dx": 299.20000000000005,
        "dy": 219.2
      }
    },
    {
      "name": "3",
      "position": {
        "dx": 404.79999999999995,
        "dy": 257.6
      }
    },
    {
      "name": "5",
      "position": {
        "dx": 509.6,
        "dy": 138.4
      }
    },
    {
      "name": "6",
      "position": {
        "dx": 533.6,
        "dy": 394.4
      }
    }
  ],
  "edges": []
}