{"vertices":[{"name":"1","position":{"dx":157.60000000000002,"dy":168.8}},{"name":"2","position":{"dx":295.20000000000005,"dy":177.60000000000002}},{"name":"3","position":{"dx":208.8,"dy":288.0}}],"edges":[]}